Experiment,J_normalised,J
1,1.0001929193281736,1349.8992351797829
2,1.0001810580167807,1349.8902482565375
3,1.0003092463433119,1350.1068216749334
